Built,n,prop
3.4.0,15,0.4411764705882353
3.4.1,5,0.14705882352941177
3.4.2,5,0.14705882352941177
3.4.3,9,0.2647058823529412
